VISA,4532-5471-0699-4816,03/15,123
MasterCard,5128946914605621,09/19,123
American Express,344259201906721,03/22,1234
American Express,371792656868232,03/16,1234
American Express,343515603411680,03/15,1234
American Express,37261536518254,03/21,1234
American Express,343135671066264,03/21,1234
American Express,3561598966880,03/21,1234
American Expres,341632186805618,03/21,1234
VISA,4532-5471-0699-4816,03/21,174
Discover,6011-0197-1148-6286,02/18,154
Discover,6495-5046-4029-1126,02/18,357
Discover,6229256965254832,02/18,354
Discover,6011077105446506,02/18,354
Discover,6011192042419415,02/18,354
Discov,6011724928833820,02/18,354
Discover,601156785254340,02/18,354
Discover,6581185726028247,02/16,145
MasterCard,5248-6433-5421-6358,11/19,154
MasterCard,5169-1962-3193-8640,03/19,123
MasterCard,5599-6880-5206-3763,05/19,103
MasterCar,5171953247711452,01/21,123
MasterCard,5163365359379095,10/20,954
MasterCard,5232199338465288,05/19,143
MasterCard,5426847049094377,02/18,123
MasterCard,516866660165885,04/15,254
MasterCard,5278-1875-3826-7559,07/16,258
MasterCard,5334919452640144,09/21,159
VIS,4929559308222,03/15,123
VISA,4556134786083,03/14,123
VISA,491680232637,03/19,123
VISA,4916212843398,03/19,123
VISA,4716307252509,03/16,123
VISA,4701089159924,03/19,123
VISA,4916665640853,03/19,123
VISA,4617174213790,03/19,123
VISA,4716982643485,03/19,123